{
    "decision_tree": {
        "accuracy": 0.8951540723692623,
        "precision": 0.8425165297535564,
        "recall": 0.9919792403868837,
        "f1_score": 0.9111592632719393,
        "cv_mean": 0.8838705917914137,
        "cv_std": 0.016908257713741267,
        "roc_auc": 0.9378813940742479
    },
    "naive_bayes": {
        "accuracy": 0.9543536632144227,
        "precision": 0.9528698086794214,
        "recall": 0.9634347723519698,
        "f1_score": 0.9581231671554252,
        "cv_mean": 0.9510932972462147,
        "cv_std": 0.0019657736894848066,
        "roc_auc": 0.9890282583792598
    },
    "best_model": "Naive Bayes"
}